School Name,Full-time Faculty Rate (%),Faculty Average Salary,Student Enrollment Size,Attendance Cost,Completion Rate,Admission Rate (%),Retention Rate,SAT Average,Ivy League Plus,x0_Private ForProfit,x0_Private NonProfit,x0_Public
Waynesburg University,37.56,82308.0,1244.0,37431.0,65.25999999999999,89.96,78.81,1082.0,0.0,0.0,1.0,0.0
Franklin University,6.67,113928.0,3738.0,23956.0,41.8,78.7313127474094,8.540000000000001,1106.4073511880115,0.0,0.0,1.0,0.0
Rush University,74.61,130680.0,104.0,19370.818623503954,19.17534934866929,55.47036094494837,5.366662284614706,1285.0774605575834,0.0,0.0,1.0,0.0
Flagler College,48.06,90684.0,2671.0,35809.0,57.65,56.49,69.06,1125.0,0.0,0.0,1.0,0.0
Medaille College,28.93,67740.0,1394.0,36840.0,37.31,71.8,54.620000000000005,1064.9099872786137,0.0,0.0,1.0,0.0
The University of Montana-Western,66.03999999999999,85092.0,1281.0,17790.0,47.04,51.85999999999999,73.05,1001.0,0.0,0.0,0.0,1.0
Lake Superior State University,95.15,81144.0,1651.0,23239.0,50.88,69.5,73.21,1050.0,0.0,0.0,0.0,1.0
University of San Diego,50.53,150936.0,5454.0,70440.0,80.47999999999999,58.7,84.22,1417.0754680751613,0.0,0.0,1.0,0.0
Polytechnic University of Puerto Rico-Miami,63.1532685644528,44832.0,80.0,29670.0,100.0,70.33667482375726,100.0,1055.0045252826853,0.0,0.0,1.0,0.0
Haverford College,89.19,124428.0,1306.0,76384.0,92.56,18.23,88.42999999999999,1459.0,0.0,0.0,1.0,0.0
Spring Hill College,68.64,72480.0,1058.0,55844.0,56.91,54.16,81.16,1125.0,0.0,0.0,1.0,0.0
Amherst College,93.91,154128.0,1745.0,76750.0,94.67,11.83,91.49,1497.0,0.0,0.0,1.0,0.0
The University of Alabama,77.07000000000001,124188.0,30610.0,30016.0,72.14,80.39,87.22999999999999,1262.0,0.0,0.0,0.0,1.0
Pontifical Catholic University of Puerto Rico-Mayaguez,63.41,47424.0,894.0,14135.0,31.06,96.56,71.81,1004.7920919021562,0.0,0.0,1.0,0.0
Maranatha Baptist University,54.64,55608.0,589.0,27793.0,55.56,80.5,82.69,1192.0,0.0,0.0,1.0,0.0
University of Maine at Fort Kent,39.74,80244.0,862.0,18521.0,39.06,99.83,67.74,1008.851033778439,0.0,0.0,0.0,1.0
Youngstown State University,100.0,103152.0,9112.0,18929.0,47.36,69.93,76.25999999999999,1083.0,0.0,0.0,0.0,1.0
Abilene Christian University,68.46,99888.0,3480.0,51577.0,65.98,63.4,76.5,1150.0,0.0,0.0,1.0,0.0
The College of Wooster,86.4,96108.0,1924.0,66108.0,73.99,65.3,87.08,1192.6059020805799,0.0,0.0,1.0,0.0
University of Massachusetts-Lowell,63.98,146712.0,13364.0,29174.0,68.73,75.2,83.96000000000001,1232.0,0.0,0.0,0.0,1.0
Oregon State University,79.58,125232.0,26048.0,27595.0,69.32000000000001,82.21000000000001,84.55,1204.0,0.0,0.0,0.0,1.0
Lycoming College,82.61,92916.0,1054.0,57132.0,61.83,65.48,72.94,1117.0,0.0,0.0,1.0,0.0
Tufts University,64.56,151392.0,6053.0,76151.0,93.91,16.3,92.24,1474.0,0.0,0.0,1.0,0.0
Gwynedd Mercy University,22.64,82284.0,1691.0,47646.0,56.59,88.03,77.58,1044.0,0.0,0.0,1.0,0.0
Eureka College,65.52,67428.0,505.0,37986.0,60.12,61.36000000000001,58.88,1026.0,0.0,0.0,1.0,0.0
Western Colorado University,77.78,79524.0,1682.0,24194.0,50.45,88.5,67.25999999999999,1110.0,0.0,0.0,0.0,1.0
Voorhees College,59.260000000000005,60156.0,368.0,26306.0,41.18,64.42816407219915,54.6,1012.1200726107054,0.0,0.0,1.0,0.0
Greenville University,100.0,68664.0,793.0,40959.0,49.63,59.21,67.25999999999999,1014.0,0.0,0.0,1.0,0.0
University of Mount Olive,100.0,80148.0,2154.0,32055.0,45.61,61.91,65.28,1011.0,0.0,0.0,1.0,0.0
Florida State University,84.99,133920.0,32384.0,22278.0,84.16,32.45,94.5,1308.0,0.0,0.0,0.0,1.0
Siena College,63.33,106764.0,3266.0,58200.0,80.82000000000001,80.66,89.66,1178.4737034928173,0.0,0.0,1.0,0.0
Pennsylvania College of Art and Design,20.59,48612.0,240.0,38043.0,50.85,47.09,75.0,1036.0929878067393,0.0,0.0,1.0,0.0
Baptist Health Sciences University,100.0,82764.0,870.0,20485.0,43.84,69.3,57.95,1082.0,0.0,0.0,1.0,0.0
Mount Saint Mary College,36.11,106644.0,1780.0,47103.0,60.49,90.17,77.98,1080.0,0.0,0.0,1.0,0.0
Texas A & M University-Corpus Christi,70.98,100788.0,8374.0,22459.0,37.26,90.13,57.4,1088.0,0.0,0.0,0.0,1.0
Rutgers University-Camden,48.2,145380.0,5387.0,29130.0,65.08,76.28,85.39,1075.0,0.0,0.0,0.0,1.0
Strayer University-Delaware,11.76,154932.0,356.0,25733.2141113795,100.0,34.114779257284894,45.96372065506501,1419.1397740142331,0.0,1.0,0.0,0.0
Benedictine College,54.81,80484.0,1980.0,46309.0,65.02,96.78,83.59,1213.0,0.0,0.0,1.0,0.0
Caldwell University,100.0,99000.0,1730.0,50245.0,64.42,91.52,82.02000000000001,1017.0,0.0,0.0,1.0,0.0
Pacific Union College,93.51,76260.0,940.0,44714.0,51.24,59.17,70.27,1030.0,0.0,0.0,1.0,0.0
American International College,9.5,89724.0,1355.0,51505.0,43.75,69.38,69.97,1015.0,0.0,0.0,1.0,0.0
Austin College,99.11,90588.0,1283.0,56377.0,70.87,49.28,82.01,1220.0,0.0,0.0,1.0,0.0
Herzing University-Minneapolis,27.27,82212.0,620.0,28018.0,64.71000000000001,92.06,100.0,1033.5753872757512,0.0,0.0,1.0,0.0
Dean College,17.88,82008.0,1166.0,59018.0,51.580000000000005,70.52000000000001,71.03,1130.499694280093,0.0,0.0,1.0,0.0
Muskingum University,100.0,89184.0,1490.0,41716.0,55.73,79.66,73.13,1080.314521798025,0.0,0.0,1.0,0.0
University of Missouri-Kansas City,68.60000000000001,111924.0,7077.0,22897.0,53.75,63.01,74.77000000000001,1184.0,0.0,0.0,0.0,1.0
Paul Quinn College,32.5,56460.0,468.0,19189.0,20.69,61.870000000000005,56.16,920.0,0.0,0.0,1.0,0.0
Strayer University-South Carolina,11.65,82632.0,2459.0,28284.0,50.0,84.44761912727529,100.0,1043.0456504209067,0.0,1.0,0.0,0.0
Oakland University,53.24,115308.0,14837.0,23778.0,56.45,81.10000000000001,78.60000000000001,1110.0,0.0,0.0,0.0,1.0
DeSales University,36.24,97668.0,2352.0,54300.0,64.78,81.77,81.42,1139.0,0.0,0.0,1.0,0.0
University of Wisconsin-Platteville,81.87,86784.0,6757.0,18670.0,56.18,81.47999999999999,77.45,1150.0,0.0,0.0,0.0,1.0
Marymount California University,69.23,103776.0,515.0,51791.0,31.730000000000004,71.36209492702997,64.91,1117.5344953872925,0.0,0.0,1.0,0.0
Hamline University,42.41,96168.0,1907.0,51984.0,65.12,68.95,73.58,1147.0,0.0,0.0,1.0,0.0
Multnomah University,26.44,63336.0,333.0,42743.0,50.0,58.9,63.93,1062.5886680346473,0.0,0.0,1.0,0.0
Valdosta State University,71.91,87480.0,9367.0,20998.0,40.32,78.45,72.7,1072.0,0.0,0.0,0.0,1.0
Mount Saint Joseph University,95.37,86532.0,1120.0,39248.0,55.33,60.150000000000006,73.61,1108.0,0.0,0.0,1.0,0.0
Rollins College,100.0,114156.0,2536.0,66805.0,80.74,60.81,87.41,1341.8511253955323,0.0,0.0,1.0,0.0
Southeastern Oklahoma State University,100.0,79956.0,3078.0,16367.0,31.480000000000004,78.59,60.760000000000005,1040.0,0.0,0.0,0.0,1.0
Mount Carmel College of Nursing,46.96,90504.0,705.0,21615.0,79.75,80.82000000000001,70.27,1050.0,0.0,0.0,1.0,0.0
New York Institute of Technology,32.87,146448.0,3414.0,49465.0,50.0,74.68,76.35,1190.0,0.0,0.0,1.0,0.0
Binghamton University,72.63,120420.0,14300.0,28010.0,81.72,43.03,92.02,1376.0,0.0,0.0,0.0,1.0
Hebrew Theological College,42.11,35172.0,103.0,28145.0,6.859999999999999,83.33,86.21,962.6966682220225,0.0,0.0,1.0,0.0
Wilberforce University,40.82,58464.0,439.0,23450.0,39.39,61.57,34.92,862.0,0.0,0.0,1.0,0.0
Strayer University-New Jersey,11.76,82632.0,903.0,28284.0,100.0,87.03105428271354,33.33,1033.578741428757,0.0,1.0,0.0,0.0
University of Illinois Springfield,66.14999999999999,98892.0,2580.0,24309.0,55.15,77.33,73.98,1107.0,0.0,0.0,0.0,1.0
Mercy College of Health Sciences,46.56,71220.0,854.0,29813.0,51.22,91.67,62.16,1105.0,0.0,0.0,1.0,0.0
Rutgers University-New Brunswick,60.18,147924.0,35428.0,32022.0,84.45,66.93,93.23,1301.0,0.0,0.0,0.0,1.0
Pennsylvania Academy of the Fine Arts,38.78,80280.0,135.0,62147.0,61.9,87.79,36.67,1127.7918435568436,0.0,0.0,1.0,0.0
Loyola Marymount University,63.470000000000006,141552.0,6564.0,70235.0,82.62,50.13999999999999,83.22,1320.0,0.0,0.0,1.0,0.0
Colorado Technical University-Colorado Springs,47.02219032457066,85224.0,24504.0,23174.0,23.08,78.7862997690186,47.84,1115.8512718747259,0.0,1.0,0.0,0.0
Dickinson State University,49.62,83220.0,1171.0,17708.0,36.26,98.62,63.21,1031.0,0.0,0.0,0.0,1.0
Arkansas Tech University,99.46,81948.0,7384.0,19361.0,44.22,97.66,67.21000000000001,1112.3422465091653,0.0,0.0,0.0,1.0
Saint Elizabeth University,28.29,89916.0,754.0,51068.0,51.06,75.38,76.33,1062.6892486090046,0.0,0.0,1.0,0.0
Franklin and Marshall College,86.94,123000.0,2242.0,75720.0,85.25,36.5,84.05,1382.9505498909375,0.0,0.0,1.0,0.0
Academy of Art University,25.16,87936.0,6024.0,43976.0,46.88,78.19639122476822,70.39,1094.5642094060424,0.0,1.0,0.0,0.0
Wesleyan College,100.0,73692.0,612.0,34952.0,50.94,59.81,73.68,1052.0,0.0,0.0,1.0,0.0
American University of Health Sciences,71.74000000000001,119100.0,323.0,35965.0,37.5,75.03922232239715,72.48775005917624,1044.3138591825086,0.0,1.0,0.0,0.0
SUNY College of Technology at Canton,64.74,81864.0,3033.0,23026.0,40.91,83.00999999999999,70.26,1029.0,0.0,0.0,0.0,1.0
Life Pacific University,17.78,80136.0,487.0,29158.0,48.96,93.1,65.67,1015.0,0.0,0.0,1.0,0.0
Chestnut Hill College,100.0,76884.0,1051.0,54599.0,51.61,71.14,70.0,995.0,0.0,0.0,1.0,0.0
Morehead State University,74.88,77460.0,5680.0,22059.0,43.120000000000005,76.7,75.84,1096.7236413386079,0.0,0.0,0.0,1.0
New Jersey City University,100.0,132924.0,5769.0,25328.0,35.74,96.33,77.49000000000001,1130.7268500365742,0.0,0.0,0.0,1.0
Goucher College,37.69,87996.0,1106.0,62979.0,66.08000000000001,79.41,69.82000000000001,1188.4645059065167,0.0,0.0,1.0,0.0
Emmanuel College,55.28999999999999,60996.0,779.0,31589.0,38.86,52.75,61.79,1005.0,0.0,0.0,1.0,0.0
Washington Adventist University,19.77,69744.0,703.0,33721.0,42.11,93.95,67.19000000000001,1084.9386818282035,0.0,0.0,1.0,0.0
Polytechnic University of Puerto Rico-Orlando,38.18,61464.0,172.0,22583.0,100.0,64.43394270495253,62.5,989.1250637430893,0.0,0.0,1.0,0.0
Tougaloo College,74.07000000000001,57060.0,654.0,22784.0,40.48,71.2,70.39999999999999,990.0,0.0,0.0,1.0,0.0
Merrimack College,50.35,103188.0,4058.0,59617.0,73.54,81.64,83.53,1152.4966288422731,0.0,0.0,1.0,0.0
Edgewood College,51.32,76344.0,1339.0,44826.0,65.05,91.2,78.39,1071.8463502497555,0.0,0.0,1.0,0.0
Antioch University-Santa Barbara,13.029476669228295,78180.0,66.0,24607.94888977087,25.34467188952403,64.69784710107761,43.0858635340544,1052.487761486327,0.0,0.0,1.0,0.0
The University of the Arts,30.45,78816.0,1377.0,65881.0,57.37,75.82,74.19,1128.257950614264,0.0,0.0,1.0,0.0
California State University-Dominguez Hills,44.11,118032.0,16013.0,15019.0,47.510000000000005,81.2,78.03999999999999,1110.2448496151105,0.0,0.0,0.0,1.0
West Virginia University Institute of Technology,71.77,91788.0,1168.0,17464.0,27.69,55.120000000000005,59.75,1034.0,0.0,0.0,0.0,1.0
Charleston Southern University,66.12,71832.0,2698.0,40177.0,44.34,53.790000000000006,70.24000000000001,1091.0,0.0,0.0,1.0,0.0
Cox College,63.44,87492.0,741.0,43247.12267981489,50.0,100.0,77.80929008591474,1076.718121510752,0.0,0.0,1.0,0.0
The University of Tennessee-Martin,67.17999999999999,90456.0,5151.0,21200.0,53.67,64.95,73.77,1170.0,0.0,0.0,0.0,1.0
Southwestern Adventist University,41.23,76104.0,719.0,31865.0,42.68,62.3,78.5,1025.0,0.0,0.0,1.0,0.0
Massachusetts College of Art and Design,99.17,120696.0,1697.0,29569.0,74.09,70.27,73.02,1075.9706118564338,0.0,0.0,0.0,1.0
University of Health Sciences and Pharmacy in St. Louis,82.35,114996.0,282.0,47005.0,80.83,78.22,83.33,1266.0,0.0,0.0,1.0,0.0
Rowan University,52.3,108648.0,15708.0,34987.0,68.07,78.01,84.11,1150.0,0.0,0.0,0.0,1.0
University of Oregon,69.32000000000001,139752.0,17972.0,27717.0,73.89,83.81,84.23,1207.0,0.0,0.0,0.0,1.0
Westminster College,63.28,81612.0,1094.0,49932.0,71.23,76.51,80.28999999999999,1122.8742529932963,0.0,0.0,1.0,0.0
University of Phoenix-Hawaii,63.150710696812205,118557.91917568153,107.0,18992.0,19.23,57.605848692440155,0.0,962.2514137354422,0.0,1.0,0.0,0.0
American Academy of Art College,90.91,57396.0,169.0,41648.0,57.97,56.544506240576524,74.36,1042.935163718512,0.0,0.0,1.0,0.0
Davis College,48.72968323986483,66672.0,43.0,26841.0,43.75,28.57,60.91050884037407,1081.160925672395,0.0,0.0,1.0,0.0
Spalding University,65.13,88584.0,842.0,38163.0,57.89,93.43,65.64999999999999,1026.0,0.0,0.0,1.0,0.0
High Point University,99.68,94200.0,4608.0,54296.0,68.88,77.05,82.43,1182.0,0.0,0.0,1.0,0.0
Dillard University,67.83,79428.0,1214.0,33421.0,49.54,65.31,69.97,1044.0,0.0,0.0,1.0,0.0
Lewis-Clark State College,97.27,78276.0,2613.0,16922.0,35.85,99.75,61.19,998.0,0.0,0.0,0.0,1.0
Logan University,39.86,81576.0,281.0,20535.0,20.499303812818155,84.61999999999999,70.0,1039.2551051791118,0.0,0.0,1.0,0.0
Trine University,50.970000000000006,90996.0,2254.0,47142.0,60.92,78.94,84.47,1130.0,0.0,0.0,1.0,0.0
Colorado School of Mines,71.64,148368.0,5173.0,36107.0,84.17,54.97,91.87,1372.0,0.0,0.0,0.0,1.0
Minneapolis College of Art and Design,23.57,91572.0,656.0,53010.0,63.33,54.67999999999999,67.97999999999999,1120.0176325797313,0.0,0.0,1.0,0.0
Salem College,58.9,71292.0,456.0,44461.0,66.0,84.63000000000001,48.15,1061.0,0.0,0.0,1.0,0.0
Bluefield State College,63.21,76560.0,1231.0,18685.0,31.78,90.03,59.760000000000005,992.0,0.0,0.0,0.0,1.0
Uta Mesivta of Kiryas Joel,100.0,35892.0,2268.0,20447.0,78.67,70.31320187157539,96.65,1003.3108894875281,0.0,0.0,1.0,0.0
University of Oklahoma-Norman Campus,83.93,124728.0,21087.0,29577.0,72.09,83.38,87.14,1233.0,0.0,0.0,0.0,1.0
Heritage University,20.96,90480.0,794.0,25478.0,41.32,74.79734581162306,84.44,1151.2502471661069,0.0,0.0,1.0,0.0
Messiah University,57.02,100932.0,2473.0,49864.0,78.71000000000001,77.52,86.47,1205.0,0.0,0.0,1.0,0.0
University of North Carolina at Chapel Hill,77.45,153540.0,19261.0,24220.0,90.74,25.0,95.13,1393.0,0.0,0.0,0.0,1.0
Manhattan Christian College,59.09,62832.0,164.0,30594.0,37.68,48.95,51.43,1085.0,0.0,0.0,1.0,0.0
Miami University-Middletown,100.0,94800.0,1308.0,15072.0,15.06,74.64970939953707,65.89,1099.5291680902264,0.0,0.0,0.0,1.0
University of Evansville,97.79,94056.0,1763.0,50986.0,66.67,64.3,87.42,1138.1695861543672,0.0,0.0,1.0,0.0
Johnson & Wales University-Charlotte,100.0,112860.0,1391.0,50200.0,56.56,82.27,65.45,1193.6222791362006,0.0,0.0,1.0,0.0
California State University-Chico,55.50000000000001,116184.0,15689.0,25073.0,65.14999999999999,90.17,83.5,1073.0,0.0,0.0,0.0,1.0
Mercy College of Ohio,30.04,83916.0,1493.0,22784.0,48.57,39.51,70.59,1030.0,0.0,0.0,1.0,0.0
Western Carolina University,72.11,94308.0,10387.0,18462.0,63.63,48.48,81.42,1129.0,0.0,0.0,0.0,1.0
Paine College,76.74,36096.0,179.0,26534.0,7.84,74.99,17.71,899.0,0.0,0.0,1.0,0.0
Saint Joseph's College of Maine,100.0,76380.0,1151.0,52614.0,58.940000000000005,86.72999999999999,73.33,1081.0,0.0,0.0,1.0,0.0
SUM Bible College and Theological Seminary,18.03,36876.0,417.0,26346.0,50.0,55.78999999999999,61.42999999999999,941.0985342587182,0.0,0.0,1.0,0.0
University of Arkansas,88.25,119412.0,22624.0,23997.0,68.5,77.66999999999999,84.71,1236.0,0.0,0.0,0.0,1.0
Presentation College,59.650000000000006,64140.0,593.0,35087.0,47.12,93.21,50.72,1035.0,0.0,0.0,1.0,0.0
Grinnell College,83.27,136152.0,1490.0,70346.0,86.67,19.25,80.61,1448.0,0.0,0.0,1.0,0.0
Southern University at New Orleans,65.49000000000001,74028.0,1439.0,16762.0,18.84,72.0,41.63,925.0,0.0,0.0,0.0,1.0
Samford University,98.73,108084.0,3573.0,49634.0,77.2,83.99,87.11,1219.0,0.0,0.0,1.0,0.0
West Coast University-Los Angeles,20.27,105924.0,2413.0,49665.0,38.46,74.7668702804447,75.0,1141.5469893580168,0.0,1.0,0.0,0.0
SUNY at Purchase College,41.0,90036.0,3528.0,27991.0,61.29,73.7,78.58000000000001,1213.0,0.0,0.0,0.0,1.0
Beulah Heights University,11.43,53088.0,344.0,11650.0,7.41,66.19106862967631,90.0,991.4778359481195,0.0,0.0,1.0,0.0
Dartmouth College,82.63000000000001,187200.0,4146.0,77152.0,94.86,9.22,96.13,1500.0,1.0,0.0,1.0,0.0
St Olaf College,70.63000000000001,105588.0,2928.0,62880.0,84.82,50.81,90.94,1309.0,0.0,0.0,1.0,0.0
Oklahoma State University-Main Campus,88.74,112560.0,19782.0,23906.0,63.74999999999999,67.09,84.82,1186.0,0.0,0.0,0.0,1.0
Simmons University,26.53,96660.0,1731.0,60221.0,79.21000000000001,82.55,84.3,1168.0,0.0,0.0,1.0,0.0
Eastern New Mexico University-Main Campus,72.91,85308.0,3129.0,17897.0,36.15,50.6,61.09,1051.0,0.0,0.0,0.0,1.0
William & Mary,81.26,140028.0,6217.0,39595.0,91.25,42.16,92.91,1411.0,0.0,0.0,0.0,1.0
Bucknell University,96.0,139272.0,3684.0,75400.0,87.85,37.53,92.2,1353.0,0.0,0.0,1.0,0.0
Bellin College,69.77,91740.0,383.0,30000.0,65.22,95.71,82.14,1140.0,0.0,0.0,1.0,0.0
Saint Louis Christian College,23.08,41820.0,72.0,24180.0,54.55,70.27,75.0,1020.0,0.0,0.0,1.0,0.0
Houston Baptist University,50.0,84756.0,2727.0,43638.0,47.32,71.50999999999999,71.28,1101.0,0.0,0.0,1.0,0.0
Fontbonne University,37.65,87276.0,810.0,40906.0,65.77,85.36,78.25999999999999,1050.0,0.0,0.0,1.0,0.0
Saint Michael's College,100.0,97644.0,1501.0,61892.0,74.52,87.81,86.22,1154.0567279610075,0.0,0.0,1.0,0.0
Oklahoma Christian University,50.260000000000005,80160.0,1601.0,37015.0,59.52,61.21,77.53,1162.0,0.0,0.0,1.0,0.0
Naropa University,31.49,75972.0,318.0,51142.0,31.15,100.0,55.56,1050.2619355259744,0.0,0.0,1.0,0.0
Augusta University,71.41,107280.0,5322.0,20115.0,46.760000000000005,82.88,73.58,1121.0,0.0,0.0,0.0,1.0
New Mexico State University-Main Campus,76.67,107724.0,11107.0,19760.0,51.080000000000005,62.67,75.49,1050.0,0.0,0.0,0.0,1.0
Concord University,65.63,78348.0,1452.0,16824.0,37.65,91.4,63.93,972.0,0.0,0.0,0.0,1.0
Morningside University,100.0,84468.0,1184.0,45927.0,60.34,68.60000000000001,68.66,1072.6218670418657,0.0,0.0,1.0,0.0
Inter American University of Puerto Rico-Aguadilla,100.0,62316.0,3271.0,13424.0,32.41,42.71,68.01,968.8526684267381,0.0,0.0,1.0,0.0
University of Saint Joseph,96.38,103032.0,884.0,50959.0,56.38,78.02,82.67,1073.0,0.0,0.0,1.0,0.0
Marietta College,100.0,90204.0,1121.0,49601.0,52.66,73.91,77.3,1120.0,0.0,0.0,1.0,0.0
Five Towns College,20.16,63780.0,604.0,35154.0,46.28,47.0,67.44,1040.5679545758621,0.0,1.0,0.0,0.0
Alvernia University,100.0,87792.0,2034.0,49990.0,61.17,70.02000000000001,71.43,1063.6517801506664,0.0,0.0,1.0,0.0
National American University-Rapid City,0.0,50004.0,1098.0,23721.0,18.75,69.37468703150776,51.49986100601193,1021.6168399964458,0.0,1.0,0.0,0.0
University of North Carolina Wilmington,72.3,103296.0,14326.0,24837.0,73.52,67.97,84.08,1226.0,0.0,0.0,0.0,1.0
University of the Southwest,100.0,47808.0,370.0,27310.0,25.53,71.98008239004449,74.14,1065.1864948713192,0.0,0.0,1.0,0.0
Tarleton State University,63.52,91068.0,11893.0,22730.0,45.75,57.75,69.01,1044.0,0.0,0.0,0.0,1.0
Bridgewater College,81.08,79080.0,1552.0,51725.0,63.04,76.14,71.25,1082.0,0.0,0.0,1.0,0.0
Mary Baldwin University,23.06,82368.0,1395.0,43427.0,42.41,87.1,62.72,1042.0,0.0,0.0,1.0,0.0
Barnard College,78.09,170004.0,2744.0,77758.0,90.0,13.6,92.78,1447.0,0.0,0.0,1.0,0.0
SUNY College of Agriculture and Technology at Cobleskill,66.23,80652.0,2073.0,25633.0,43.21,80.0,76.02,1010.0,0.0,0.0,0.0,1.0
University of Illinois Urbana-Champaign,74.91,152772.0,33001.0,30302.0,86.2,63.3,93.85,1352.0,0.0,0.0,0.0,1.0
Strayer University-Pennsylvania,11.76,82632.0,1971.0,28284.0,0.0,84.95490798421682,40.0,1033.850337852014,0.0,1.0,0.0,0.0
Trinity Bible College and Graduate School,68.42,46488.0,146.0,28799.0,45.9,100.0,50.0,1095.0,0.0,0.0,1.0,0.0
Oral Roberts University,41.36,91284.0,3080.0,44006.0,55.66,78.39,78.4,1133.0,0.0,0.0,1.0,0.0
University of Virginia-Main Campus,94.89,179424.0,17076.0,34094.0,94.01,22.58,96.71,1426.0,0.0,0.0,0.0,1.0
CUNY New York City College of Technology,27.97,134484.0,14615.0,13563.0,18.49,79.07,61.71,1148.507769613132,0.0,0.0,0.0,1.0
Columbia Central University-Caguas,35.480000000000004,30756.0,682.0,10986.0,48.84,82.43509078959018,35.709999999999994,1007.910602457176,0.0,1.0,0.0,0.0
Buena Vista University,21.55,76968.0,1408.0,48297.0,62.19,55.67999999999999,73.91,1084.0687849893575,0.0,0.0,1.0,0.0
Christian Brothers University,96.88,87732.0,1374.0,43939.0,56.7,49.94,81.42,1190.0,0.0,0.0,1.0,0.0
Holy Cross College,39.13,69216.0,437.0,44469.0,55.19,77.02,67.86,1283.0,0.0,0.0,1.0,0.0
Saint Cloud State University,64.75,119532.0,7210.0,19635.0,44.81,73.22,67.0,1087.0,0.0,0.0,0.0,1.0
Brigham Young University,71.76,140736.0,33376.0,18936.0,75.44999999999999,69.25,91.64,1335.0,0.0,0.0,1.0,0.0
Georgian Court University,36.6,100080.0,1419.0,45458.0,57.02,80.9,80.75,1039.0,0.0,0.0,1.0,0.0
Salve Regina University,94.35,104208.0,2141.0,61072.0,75.92,74.62,82.87,1176.0367024981842,0.0,0.0,1.0,0.0
Bethel University,98.73,70224.0,1126.0,40149.0,62.27,92.79,73.92999999999999,1045.7673892910886,0.0,0.0,1.0,0.0
Capital University,45.94,100200.0,2226.0,47719.0,60.23,74.06,74.52,1095.3773881769307,0.0,0.0,1.0,0.0
East Tennessee State University,70.83,90468.0,10705.0,22323.0,49.63,78.38000000000001,77.88000000000001,1167.0,0.0,0.0,0.0,1.0
Glenville State University,59.6,69504.0,1227.0,22507.0,32.26,68.55509192977442,68.31,1039.3936608285853,0.0,0.0,0.0,1.0
Asbury University,48.17,79464.0,1399.0,42462.0,63.580000000000005,75.14999999999999,80.62,1203.0,0.0,0.0,1.0,0.0
Benedictine University,37.82,103632.0,2285.0,46006.0,46.03,60.99,66.86,1097.0,0.0,0.0,1.0,0.0
Curry College,37.580000000000005,123528.0,2164.0,57260.0,54.94,92.71,65.22,1055.0,0.0,0.0,1.0,0.0
Wartburg College,100.0,82356.0,1531.0,55508.0,68.32000000000001,71.72,82.37,1114.0,0.0,0.0,1.0,0.0
Northern State University,96.0,90468.0,1384.0,21388.0,45.22,78.71000000000001,75.96000000000001,1119.0,0.0,0.0,0.0,1.0
Pontifical Catholic University of Puerto Rico-Ponce,73.6,52332.0,4823.0,15895.0,45.45,91.2,77.56,994.3038003795514,0.0,0.0,1.0,0.0
College of Saint Mary,52.470000000000006,83772.0,672.0,31250.0,60.56,50.0,76.92,1055.712013762692,0.0,0.0,1.0,0.0
Northwest Missouri State University,77.02,88548.0,5151.0,20235.0,54.05,80.11,75.7,1104.0,0.0,0.0,0.0,1.0
Grand Canyon University,8.219999999999999,82440.0,62424.0,31376.0,46.57,80.69,73.55000000000001,1125.7876432189908,0.0,1.0,0.0,0.0
Indiana University-Southeast,52.26,86292.0,3993.0,17421.0,35.65,85.41,63.71,1055.0,0.0,0.0,0.0,1.0
California Aeronautical University,61.36000000000001,53688.0,269.0,42622.0,30.0,51.14184497544891,77.55,1021.3465180521202,0.0,1.0,0.0,0.0
Hood College,41.88,93852.0,1177.0,56168.0,60.760000000000005,71.33,74.69,1149.5856440980035,0.0,0.0,1.0,0.0
Union College,100.0,59316.0,927.0,39439.0,27.73,57.330000000000005,61.8,1035.0,0.0,0.0,1.0,0.0
Trinity College of Nursing & Health Sciences,92.31,74064.0,178.0,24749.663353838358,100.0,73.81392896495251,43.80883538991348,1056.206238065513,0.0,0.0,1.0,0.0
Quinnipiac University,42.46,135072.0,6787.0,66237.0,76.2,82.39,88.82,1323.9823110241741,0.0,0.0,1.0,0.0
United Talmudical Seminary,52.51,39552.0,2168.0,23926.0,50.29,70.01424353790799,92.87,1009.2060762816019,0.0,0.0,1.0,0.0
University of Arkansas at Pine Bluff,80.62,70620.0,2440.0,19541.0,38.92,59.66,74.17,900.0,0.0,0.0,0.0,1.0
Chamberlain University-Arizona,12.35,87732.0,725.0,33769.0,50.0,62.5,80.0,1082.4771665541296,0.0,1.0,0.0,0.0
DeVry University-Nevada,58.18020380388744,91972.16361822328,35.0,34274.0,33.33,55.05866595552336,66.67,1066.9871934261055,0.0,1.0,0.0,0.0
Southern Connecticut State University,47.620000000000005,115956.0,7239.0,25413.0,51.06,79.67999999999999,76.88000000000001,1090.937773455201,0.0,0.0,0.0,1.0
CEM College-Humacao,8.33,32400.0,177.0,13965.0,59.7,82.71098977794702,36.36,1005.9087720653024,0.0,1.0,0.0,0.0
Lafayette College,86.53999999999999,140052.0,2489.0,74016.0,90.09,35.57,87.25,1360.0,0.0,0.0,1.0,0.0
Kansas State University,89.97,115608.0,16063.0,24626.0,67.52,94.15,87.16000000000001,1101.3810279458307,0.0,0.0,0.0,1.0
Culver-Stockton College,61.45,69432.0,918.0,40296.0,45.52,98.33,65.61,1039.0,0.0,0.0,1.0,0.0
Alverno College,36.95,70884.0,1015.0,40724.0,43.16,78.23,71.17999999999999,1051.1079645769992,0.0,0.0,1.0,0.0
University of South Carolina Aiken,63.71,85944.0,2975.0,20735.0,41.08,55.88,65.83,1062.0,0.0,0.0,0.0,1.0
Mississippi College,52.62,93552.0,2515.0,34918.0,65.34,28.76,79.61,1218.0,0.0,0.0,1.0,0.0
Quincy University,48.74,66288.0,954.0,41831.0,50.23,67.13,72.56,1106.0,0.0,0.0,1.0,0.0
St. Joseph's University-New York,100.0,109764.0,3879.0,35122.0,70.36,70.67,83.93,1120.0,0.0,0.0,1.0,0.0
Oakland City University,26.090000000000003,69564.0,548.0,37683.0,56.92,63.31,85.44,1021.0,0.0,0.0,1.0,0.0
Bard College,63.27,137640.0,1932.0,74464.0,73.57000000000001,56.95,80.28999999999999,1350.6283585085189,0.0,0.0,1.0,0.0
Bethel College-North Newton,72.0,67608.0,482.0,43795.0,43.64,61.31999999999999,70.32000000000001,1031.0,0.0,0.0,1.0,0.0
Ohio Christian University,98.96,17436.0,1448.0,32568.0,33.81,77.5815462878938,63.33,988.732449255432,0.0,0.0,1.0,0.0
Gallaudet University,100.0,121104.0,1004.0,38892.0,43.65,62.62,74.32,904.0,0.0,0.0,1.0,0.0
West Coast University-Miami,26.19,89232.0,1194.0,34417.0,0.0,72.96670865541861,90.0,1120.216239272304,0.0,1.0,0.0,0.0
Alma College,63.63999999999999,88416.0,1404.0,55662.0,70.78999999999999,66.73,82.55,1168.1426901308605,0.0,0.0,1.0,0.0
Indiana University-Bloomington,87.39,128856.0,32621.0,25587.0,79.79,80.38,91.25,1261.0,0.0,0.0,0.0,1.0
Tusculum University,73.4,62220.0,1194.0,39440.0,35.89,67.15,66.67,1067.0,0.0,0.0,1.0,0.0
Texas A & M University-Commerce,100.0,96348.0,8290.0,22575.0,42.99,60.06,57.64,1052.0,0.0,0.0,0.0,1.0
CUNY City College,41.92,149916.0,11967.0,13667.0,59.72,50.54,80.08999999999999,1164.0,0.0,0.0,0.0,1.0
Whitworth University,95.83,88044.0,2359.0,60359.0,77.03999999999999,91.01,80.88,1171.0,0.0,0.0,1.0,0.0
Washburn University,64.24,93516.0,4202.0,20011.0,51.2,74.338575350906,69.65,1084.3733968810884,0.0,0.0,0.0,1.0
University of South Carolina Beaufort,60.61,88764.0,1898.0,24235.0,34.48,66.94,62.63999999999999,1029.0,0.0,0.0,0.0,1.0
Georgetown College,55.26,76428.0,1076.0,53196.0,55.720000000000006,72.16,71.34,1062.6518433063334,0.0,0.0,1.0,0.0
Virginia Commonwealth University,68.06,120000.0,21334.0,31983.0,66.10000000000001,90.6,83.11,1163.0,0.0,0.0,0.0,1.0
Grambling State University,98.47,71916.0,4511.0,24332.0,42.11,93.22,77.08,942.0,0.0,0.0,0.0,1.0
University of Indianapolis,100.0,90600.0,4168.0,44681.0,61.370000000000005,84.48,75.47,1076.0,0.0,0.0,1.0,0.0
American University of Puerto Rico,23.21,35856.0,343.0,17792.0,20.22,77.83186456639005,69.08999999999999,1002.9685024985284,0.0,0.0,1.0,0.0
San Francisco Art Institute,78.95,94596.0,22.0,70023.0,39.24,94.67,0.0,1168.7198456137116,0.0,0.0,1.0,0.0
Hiram College,100.0,75672.0,891.0,50555.0,49.64,92.77,74.89,1037.0,0.0,0.0,1.0,0.0
Roger Williams University,39.290000000000006,151452.0,4224.0,54865.0,68.67,86.00999999999999,81.01,1254.203088041887,0.0,0.0,1.0,0.0
Trinity University,79.11,133512.0,2491.0,60664.0,79.17,33.62,88.82,1355.0,0.0,0.0,1.0,0.0
College of the Holy Cross,89.42999999999999,139176.0,2962.0,71448.0,92.76,37.940000000000005,88.78,1371.0,0.0,0.0,1.0,0.0
Cornell University,92.53,182892.0,14741.0,75204.0,95.36,10.71,95.77,1480.0,1.0,0.0,1.0,0.0
Evangel University,50.3,77244.0,1480.0,37127.0,54.71,95.42,80.36,1120.818622655402,0.0,0.0,1.0,0.0
Radford University,68.28,99540.0,7267.0,24234.0,56.02,78.68,74.88,1084.7697595325242,0.0,0.0,0.0,1.0
SUNY Buffalo State,49.72,95448.0,7207.0,23111.0,40.41,80.07,64.52,960.0,0.0,0.0,0.0,1.0
Gannon University,59.760000000000005,97332.0,2786.0,46867.0,68.41000000000001,79.24,84.59,1113.0,0.0,0.0,1.0,0.0
Xavier University of Louisiana,84.48,111264.0,2502.0,36391.0,49.74,80.62,77.03999999999999,1112.0,0.0,0.0,1.0,0.0
Centenary College of Louisiana,70.13000000000001,85104.0,552.0,55300.0,55.71,63.690000000000005,76.16000000000001,1191.0,0.0,0.0,1.0,0.0
Rogers State University,48.98,68664.0,2905.0,20029.0,24.55,72.26197159953415,64.86,1005.6166732090982,0.0,0.0,0.0,1.0
Arlington Baptist University,27.78,43164.0,158.0,25381.0,20.59,69.66051731703301,57.89,1027.9569232075664,0.0,0.0,1.0,0.0
Lancaster Bible College,29.78,74016.0,1418.0,36544.0,72.50999999999999,96.68,80.97999999999999,1087.0,0.0,0.0,1.0,0.0
Berkeley College-New York,100.0,90720.0,2248.0,35385.0,31.480000000000004,62.82718704639459,67.95,1126.6950153442688,0.0,1.0,0.0,0.0
York College,50.0,65484.0,457.0,30571.0,55.28999999999999,66.13,64.35,1033.0,0.0,0.0,1.0,0.0
University of Charleston,50.86000000000001,80448.0,2075.0,43829.0,46.39,61.48,66.94,1079.0,0.0,0.0,1.0,0.0
Notre Dame de Namur University,34.44,113280.0,211.0,21437.036689111716,48.57,64.04805061135833,41.795971079490364,1285.7430280201468,0.0,0.0,1.0,0.0
University of Richmond,68.65,144144.0,3304.0,69606.0,87.96000000000001,30.9,92.91,1394.0,0.0,0.0,1.0,0.0
Dickinson College,82.89,115176.0,1899.0,73650.0,83.98,51.65,82.44,1375.7668714385054,0.0,0.0,1.0,0.0
Winthrop University,60.53,92916.0,4219.0,29266.0,60.81,63.94,69.89999999999999,1072.0,0.0,0.0,0.0,1.0
Moore College of Art and Design,20.0,83748.0,365.0,60910.0,54.88,50.03999999999999,68.63,1162.1933064149905,0.0,0.0,1.0,0.0
Benedict College,72.13000000000001,73128.0,1724.0,28000.0,28.21,72.59,69.37,1097.7785890332996,0.0,0.0,1.0,0.0
Wentworth Institute of Technology,100.0,111096.0,4143.0,52232.0,69.05,93.54,80.42,1192.0,0.0,0.0,1.0,0.0
University of Puget Sound,83.09,125520.0,1896.0,68072.0,77.07000000000001,86.85000000000001,76.25999999999999,1309.6317205588948,0.0,0.0,1.0,0.0
University of St Thomas,56.42,130896.0,6276.0,57785.0,80.23,87.4,86.97,1249.0,0.0,0.0,1.0,0.0
Denison University,100.0,112824.0,2253.0,69128.0,80.46,28.17,85.11999999999999,1350.0,0.0,0.0,1.0,0.0
Hendrix College,100.0,89820.0,1065.0,64046.0,65.5,70.54,82.04,1186.0883059497714,0.0,0.0,1.0,0.0
Augustana College,77.44,85704.0,2374.0,55924.0,76.58,57.35,84.50999999999999,1161.3799025760964,0.0,0.0,1.0,0.0
Doane University,36.52,74136.0,1250.0,50470.0,60.07,68.8,77.39,1050.5030456070422,0.0,0.0,1.0,0.0
Wiley College,64.29,57984.0,615.0,23938.0,31.0,65.29534223371562,70.27,934.0940500132551,0.0,0.0,1.0,0.0
Albright College,69.82000000000001,79368.0,1530.0,40300.0,59.81,82.1,72.7,1127.050385160233,0.0,0.0,1.0,0.0
Gordon College,77.48,87264.0,1428.0,51869.0,72.22,68.27,84.42,1159.0,0.0,0.0,1.0,0.0
Lubbock Christian University,51.43,80592.0,1250.0,37198.0,47.73,96.51,68.46,1097.0,0.0,0.0,1.0,0.0
Louisiana State University Health Sciences Center-New Orleans,72.97,100944.0,904.0,38535.60023258559,46.01224614714406,75.0116566284844,64.03348763558962,1113.9790004189172,0.0,0.0,0.0,1.0
Bacone College,100.0,54720.0,318.0,31050.0,9.22,47.28,42.370000000000005,944.0,0.0,0.0,1.0,0.0
Nyack College,35.08,84612.0,1171.0,38589.0,42.92,97.32,57.830000000000005,965.0,0.0,0.0,1.0,0.0
Cleveland State University,48.64,114840.0,10917.0,24010.0,48.27,93.6,76.42999999999999,1088.0,0.0,0.0,0.0,1.0
University of Minnesota-Duluth,85.69,103464.0,8351.0,25326.0,61.5,78.55,79.5,1169.0,0.0,0.0,0.0,1.0
Cardinal Stritch University,28.03,78984.0,782.0,44172.0,53.48,76.9,70.28999999999999,1046.0,0.0,0.0,1.0,0.0
Harris-Stowe State University,23.0,74880.0,1383.0,17740.0,12.18,74.76294269795605,63.9,949.6719107907572,0.0,0.0,0.0,1.0
Columbus College of Art and Design,35.29,66060.0,981.0,49217.0,61.22,91.69,72.28,1093.9795716583,0.0,0.0,1.0,0.0
Columbia College Chicago,32.51,102984.0,6524.0,45103.0,50.080000000000005,89.53,68.57,1095.7703750938085,0.0,0.0,1.0,0.0
Bellevue University,11.81,71916.0,9665.0,22961.0,22.73,80.53865726177327,50.79,1060.8130191558494,0.0,0.0,1.0,0.0
Briar Cliff University,69.69999999999999,75540.0,686.0,45452.0,50.0,69.60233200795702,61.48,1083.667211175035,0.0,0.0,1.0,0.0
Thomas Edison State University,70.4872957542132,92961.78083450082,9357.0,24151.688120150684,42.8497322201987,75.98949908449022,72.73906943932236,1092.5310822686736,0.0,0.0,0.0,1.0
University of Toledo,76.7,111780.0,13205.0,25118.0,52.55,94.68,78.43,1135.0,0.0,0.0,0.0,1.0
New Jersey Institute of Technology,57.18,149964.0,8311.0,31511.0,70.0,66.03,89.03,1299.0,0.0,0.0,0.0,1.0
Iona College,59.09,120264.0,2667.0,54052.0,59.75,85.95,77.07000000000001,1107.0,0.0,0.0,1.0,0.0
CUNY Hunter College,33.35,146568.0,16921.0,13219.0,55.88999999999999,40.48,83.81,1259.0,0.0,0.0,0.0,1.0
Post University,5.53,72732.0,12630.0,30161.0,25.14,85.86607419157049,60.47,1100.4050715570243,0.0,1.0,0.0,0.0
Georgia Institute of Technology-Main Campus,90.3,163512.0,15743.0,29291.0,90.71,21.34,96.7,1465.0,0.0,0.0,0.0,1.0
California State University-Stanislaus,51.95,115560.0,9855.0,17424.0,57.26,89.32,86.58,1110.9451910906919,0.0,0.0,0.0,1.0
Rhode Island School of Design,35.04,120288.0,1736.0,72571.0,88.74,27.12,84.58,1361.0,0.0,0.0,1.0,0.0
Allen College,49.43,90576.0,374.0,23664.38547787078,35.735161008432534,75.7294066079269,56.48636398841952,1130.6075238395067,0.0,0.0,1.0,0.0
William Peace University,37.0,69636.0,769.0,47624.0,38.14,61.39,73.50999999999999,1053.0,0.0,0.0,1.0,0.0
Shaw University,46.1,56964.0,1151.0,29686.0,18.7,70.56,66.53,1050.8809433719875,0.0,0.0,1.0,0.0
Lincoln University,100.0,107436.0,1892.0,26008.0,45.18,90.34,70.88,942.0,0.0,0.0,0.0,1.0
Southern Virginia University,82.47,71352.0,1056.0,29875.0,44.86,99.03,69.13,1205.0,0.0,0.0,1.0,0.0
Southern New Hampshire University,100.0,104196.0,109233.0,50505.0,37.46,93.54,67.10000000000001,1213.6216473762554,0.0,0.0,1.0,0.0
South University-Virginia Beach,28.95,76704.0,324.0,31674.0,40.0,65.97358328505518,50.0,1032.1907530882163,0.0,1.0,0.0,0.0
University of Massachusetts Global,10.64,112236.0,5879.0,32504.0,8.33,94.98,77.2658873466645,1099.087580616903,0.0,0.0,1.0,0.0
Excelsior College,79.53707729596465,121208.97564731476,19624.0,23847.38653360113,68.02499351925837,62.980114071908815,85.56095616696136,1223.5230123192393,0.0,0.0,1.0,0.0
Friends University,100.0,79092.0,999.0,39879.0,41.99,57.54,66.67,1081.0,0.0,0.0,1.0,0.0
Pfeiffer University,95.83,82980.0,808.0,44387.0,43.0,75.84,66.67,1008.0,0.0,0.0,1.0,0.0
Dominican College of Blauvelt,36.2,101508.0,1304.0,43424.0,47.75,74.62,73.38,1090.560637785188,0.0,0.0,1.0,0.0
Howard Payne University,100.0,69072.0,779.0,41336.0,40.0,48.53,50.0,1055.9782633235113,0.0,0.0,1.0,0.0
Saint Xavier University,36.24,91440.0,3066.0,41360.0,55.65,79.0,77.53999999999999,1048.0,0.0,0.0,1.0,0.0
Hardin-Simmons University,57.84,87984.0,1588.0,42530.0,55.46,90.51,64.92999999999999,1069.0,0.0,0.0,1.0,0.0
University of California-Merced,93.36,142200.0,8276.0,35005.0,68.69,84.8,86.33999999999999,1066.0,0.0,0.0,0.0,1.0
AdventHealth University,97.25,95388.0,1129.0,33648.0,35.21,90.87,80.0,1089.0,0.0,0.0,1.0,0.0
The Master's University and Seminary,32.97,96540.0,1448.0,40783.0,63.92,59.88,82.41000000000001,1109.849242139747,0.0,0.0,1.0,0.0
Johns Hopkins University,97.26,185004.0,5752.0,74001.0,94.4,11.06,96.51,1532.0,1.0,0.0,1.0,0.0
South University-Savannah,55.91,104892.0,246.0,30800.0,15.79,67.15812685809875,60.0,1073.1586928137199,0.0,1.0,0.0,0.0
University of Mary,60.63,92892.0,2178.0,30194.0,58.67,71.67999999999999,78.42,1143.0,0.0,0.0,1.0,0.0
Connecticut College,73.7,117312.0,1711.0,74590.0,81.93,37.72,86.67,1400.0,0.0,0.0,1.0,0.0
Western Governors University,76.84,66636.0,104919.0,13790.0,46.92,84.77243183681149,75.0,1177.7382837175812,0.0,0.0,1.0,0.0
Alcorn State University,68.55,78048.0,2648.0,24285.0,45.440000000000005,37.72,73.83,1035.0,0.0,0.0,0.0,1.0
University of Lynchburg,64.82,95712.0,1801.0,54119.0,57.23,97.27,78.2,1134.422830996076,0.0,0.0,1.0,0.0
Full Sail University,94.96,57000.0,23018.0,35865.0,43.7,69.18345751697173,61.47,1021.7422157133916,0.0,1.0,0.0,0.0
Florida Agricultural and Mechanical University,99.71,99168.0,7072.0,23312.0,55.23,32.98,85.44,1101.0,0.0,0.0,0.0,1.0
Northwestern University,83.53,210156.0,8401.0,78654.0,94.95,9.31,96.96,1505.0,1.0,0.0,1.0,0.0
George Fox University,31.17,93132.0,2451.0,51439.0,66.03,90.91,83.06,1138.0,0.0,0.0,1.0,0.0
Inter American University of Puerto Rico-Fajardo,100.0,63252.0,1488.0,13992.0,28.4,49.49,74.02,959.66080322297,0.0,0.0,1.0,0.0
Michigan Technological University,91.04,128328.0,5574.0,29765.0,72.16,70.36,85.84,1269.0,0.0,0.0,0.0,1.0
Baptist University of the Americas,16.13,57936.0,116.0,15092.0,26.32,55.766314504529646,22.22,988.5139463335012,0.0,0.0,1.0,0.0
University of Phoenix-Nevada,54.39966389787088,63065.78982811985,127.0,31439.57073228938,8.7,88.00790695220527,53.382819279330505,1041.1510875044787,0.0,1.0,0.0,0.0
University of Jamestown,100.0,80748.0,900.0,34565.0,55.02,71.89999999999999,73.44000000000001,1088.0,0.0,0.0,1.0,0.0
Francis Marion University,71.91,90588.0,3025.0,21888.0,44.05,75.25,67.56,990.0,0.0,0.0,0.0,1.0
Rasmussen University-Florida,9.86,85944.0,9008.0,23396.0,40.36,72.2679138090459,50.0,1113.522187695267,0.0,1.0,0.0,0.0
Stephens College,59.68,76980.0,438.0,38435.0,59.24,64.29,76.58,1103.0,0.0,0.0,1.0,0.0
John Carroll University,100.0,100824.0,2737.0,57651.0,75.16000000000001,87.83999999999999,83.86,1198.0,0.0,0.0,1.0,0.0
William Woods University,28.27,62292.0,837.0,41310.0,52.38,62.53999999999999,69.67999999999999,1062.5652036428678,0.0,0.0,1.0,0.0
Kettering College,69.32000000000001,95088.0,544.0,25698.0,41.82,21.3,68.25,1105.0,0.0,0.0,1.0,0.0
Western Michigan University,69.1,118968.0,15706.0,26567.0,56.69,84.94,78.46,1129.0,0.0,0.0,0.0,1.0
University of Science and Arts of Oklahoma,54.120000000000005,72288.0,718.0,18540.0,41.07,35.75,63.89,917.0,0.0,0.0,0.0,1.0
Inter American University of Puerto Rico-Ponce,100.0,66732.0,3359.0,13488.0,40.26,35.42,70.09,999.6553517388509,0.0,0.0,1.0,0.0
William Carey University,49.52,71136.0,2101.0,23334.0,53.36,55.28,83.89,1172.0,0.0,0.0,1.0,0.0
Franciscan University of Steubenville,100.0,98748.0,2340.0,39788.0,78.7,73.0,85.61999999999999,1204.0,0.0,0.0,1.0,0.0
North Dakota State University-Main Campus,97.09,112176.0,10311.0,22201.0,62.33,94.1,81.99,1150.0,0.0,0.0,0.0,1.0
Brigham Young University-Idaho,72.58401264473764,99192.0,43660.0,12381.0,55.93,97.01,73.72,1132.0,0.0,0.0,1.0,0.0
Pratt Institute-Main,16.14,135252.0,3101.0,69497.0,71.25,65.94,74.62,1245.0,0.0,0.0,1.0,0.0
Huntington University,100.0,81420.0,1042.0,38461.0,64.60000000000001,77.66999999999999,76.74,1090.0,0.0,0.0,1.0,0.0
East-West University,100.0,83100.0,419.0,29370.0,17.560000000000002,81.21329276441921,31.05,1030.250539601628,0.0,0.0,1.0,0.0
Mount Vernon Nazarene University,92.77,74604.0,1614.0,43341.0,62.38,72.48,77.47,1131.0,0.0,0.0,1.0,0.0
Central State University,100.0,79500.0,4009.0,19769.0,28.000000000000004,58.040000000000006,55.7,1037.5928686483383,0.0,0.0,0.0,1.0
Indiana University-Purdue University-Indianapolis,55.81,103032.0,20441.0,21127.0,52.400000000000006,78.53999999999999,74.64,1102.0,0.0,0.0,0.0,1.0
Waldorf University,31.37,66264.0,2457.0,34318.0,51.9,61.06,25.77,1018.0,0.0,1.0,0.0,0.0
Furman University,84.21,112752.0,2341.0,67299.0,80.91000000000001,65.25,81.02000000000001,1356.0,0.0,0.0,1.0,0.0
Westminster College,100.0,97020.0,1415.0,49060.0,69.08,87.45,71.28,1205.0,0.0,0.0,1.0,0.0
Clarke University,58.96,74760.0,654.0,48724.0,65.75,89.2,72.39,1085.0,0.0,0.0,1.0,0.0
University of the District of Columbia,33.660000000000004,115548.0,3297.0,22638.0,22.84,80.60496908690031,71.43,1109.3512882584648,0.0,0.0,0.0,1.0
Trinity International University-Illinois,28.63,72084.0,522.0,47226.0,52.76,85.92,65.69,1079.0,0.0,0.0,1.0,0.0
Clarkson University,68.27,133368.0,2867.0,69456.0,75.62,77.99000000000001,87.2,1259.0,0.0,0.0,1.0,0.0
Eastern Oregon University,56.85,91200.0,2415.0,22408.0,28.01,94.25,70.07,1064.684076648508,0.0,0.0,0.0,1.0
Bloomsburg University of Pennsylvania,80.60000000000001,119724.0,7346.0,25058.0,57.54,89.03,77.21000000000001,1096.3967314503188,0.0,0.0,0.0,1.0
Hofstra University,43.3,164748.0,6065.0,62917.0,64.73,69.11,81.74,1355.3444646167038,0.0,0.0,1.0,0.0
The University of Texas at Austin,84.17999999999999,164940.0,39624.0,27397.0,87.56,31.95,96.65,1349.0,0.0,0.0,0.0,1.0
East Central University,99.31,70440.0,2815.0,16681.0,39.15,96.45,59.58,1079.0,0.0,0.0,0.0,1.0
Centenary University,100.0,87312.0,1128.0,44856.0,62.07,93.0,72.5,997.0,0.0,0.0,1.0,0.0
Eastern Connecticut State University,100.0,112020.0,4104.0,27425.0,55.92,69.69999999999999,76.02,1104.4603899739157,0.0,0.0,0.0,1.0
Inter American University of Puerto Rico-Barranquitas,100.0,60456.0,1170.0,13560.0,40.11,40.83,72.81,961.1126016894303,0.0,0.0,1.0,0.0
Manhattan School of Music,28.39,85452.0,497.0,70925.0,74.33999999999999,41.56,97.39,1194.269687943199,0.0,0.0,1.0,0.0
University of Mobile,100.0,63180.0,1164.0,36890.0,48.9,66.57,78.2,1053.7907580087808,0.0,0.0,1.0,0.0
Castleton University,100.0,83304.0,1651.0,24841.0,56.720000000000006,88.31,61.34,1036.0,0.0,0.0,0.0,1.0
Art Academy of Cincinnati,21.57,61884.0,224.0,44864.0,48.0,30.81,58.67,1072.126898852926,0.0,0.0,1.0,0.0
University of Saint Francis-Fort Wayne,50.18,85488.0,1746.0,40759.0,50.580000000000005,99.05,72.85000000000001,1075.0,0.0,0.0,1.0,0.0
Tuskegee University,87.18,86688.0,2280.0,40750.0,51.89,61.13,77.03,1016.0,0.0,0.0,1.0,0.0
Yeshiva Gedolah Imrei Yosef D'spinka,82.90249334433318,66312.0,187.0,14564.0,44.440000000000005,57.32991768105943,60.0,994.809595036466,0.0,0.0,1.0,0.0
Smith College,84.64,144744.0,2183.0,75169.0,86.53,36.52,77.09,1371.480308054351,0.0,0.0,1.0,0.0
Southern Illinois University-Carbondale,80.72,92376.0,8115.0,29023.0,47.86,91.78,80.60000000000001,1096.0,0.0,0.0,0.0,1.0
Elmira College,57.69,65808.0,713.0,48133.0,67.78,83.13000000000001,68.66,1103.0,0.0,0.0,1.0,0.0
University of Louisiana at Lafayette,79.36999999999999,98568.0,12972.0,22948.0,51.17,67.28,79.43,1148.0,0.0,0.0,0.0,1.0
Rockford University,38.5,72060.0,1000.0,43866.0,46.26,50.82,65.88000000000001,1009.0,0.0,0.0,1.0,0.0
Aurora University,26.11,100968.0,4123.0,35658.0,57.97,83.95,77.86999999999999,1066.0,0.0,0.0,1.0,0.0
The University of Findlay,59.89,89208.0,2222.0,47032.0,62.68,79.59,79.0,1144.0,0.0,0.0,1.0,0.0
Millersville University of Pennsylvania,71.66,121332.0,6314.0,27526.0,56.35,84.55,75.47,1095.0,0.0,0.0,0.0,1.0
United States Merchant Marine Academy,78.68,125604.0,1028.0,9565.0,82.33,24.11,91.24,1288.0,0.0,0.0,0.0,1.0
Felician University,31.730000000000004,88632.0,1954.0,49240.0,53.7,93.55,79.0,973.0,0.0,0.0,1.0,0.0
Northwest Nazarene University,99.2,77784.0,1220.0,42068.0,62.31,76.83,78.78,1098.0,0.0,0.0,1.0,0.0
Peirce College,100.0,92460.0,947.0,18260.0,15.63,64.88886014689018,100.0,1057.3101766472448,0.0,0.0,1.0,0.0
University of New Orleans,70.50999999999999,98448.0,5985.0,20864.0,41.49,82.91,69.87,1088.0,0.0,0.0,0.0,1.0
Saint Francis University,100.0,84336.0,1657.0,54101.0,62.5,59.35,95.52,1134.0,0.0,0.0,1.0,0.0
Colorado Mesa University,57.93000000000001,84708.0,8146.0,22143.0,37.0,75.44,75.0,1103.6418781039565,0.0,0.0,0.0,1.0
University of California-Los Angeles,72.23,231432.0,31636.0,35497.0,91.29,14.330000000000002,95.63,1437.869635436577,0.0,0.0,0.0,1.0
Murray State University,78.73,78420.0,6981.0,21349.0,53.36,77.03,81.08,1179.0,0.0,0.0,0.0,1.0
Lincoln Memorial University,52.41,83964.0,1612.0,36365.0,52.76,68.53,76.19,1118.0,0.0,0.0,1.0,0.0
AI Miami International University of Art and Design,10.58,63336.0,820.0,27974.0,25.19,57.58035905083519,57.97,1026.1667722055765,0.0,1.0,0.0,0.0
North Central College,50.79,105360.0,2453.0,52405.0,66.49000000000001,53.290000000000006,75.4,1164.0,0.0,0.0,1.0,0.0
Rockhurst University,66.36999999999999,85872.0,2054.0,53221.0,72.61,72.89,87.56,1167.0,0.0,0.0,1.0,0.0
Saint Anthony College of Nursing,53.190000000000005,86772.0,210.0,39624.0,24.569167361867255,100.0,100.0,1067.8058427404355,0.0,0.0,1.0,0.0
University of Missouri-St Louis,58.71,110148.0,6387.0,24481.0,56.25,57.59,82.07,1188.0,0.0,0.0,0.0,1.0
Seton Hill University,93.58,91512.0,1615.0,50395.0,66.16,78.67,80.96,1081.6858254980011,0.0,0.0,1.0,0.0
Houghton College,58.57,70800.0,838.0,44952.0,64.83,79.97999999999999,87.72,1082.4472794921917,0.0,0.0,1.0,0.0
Chamberlain University-Illinois,12.21,88236.0,14471.0,34316.0,57.14,91.67,60.0,1117.3882379155589,0.0,1.0,0.0,0.0
Louisiana State University-Alexandria,56.44,72144.0,3208.0,14207.0,31.22,63.54,59.93000000000001,1042.0,0.0,0.0,0.0,1.0
MidAmerica Nazarene University,100.0,78828.0,1099.0,48863.0,48.35,63.75999999999999,60.31999999999999,1127.448354289087,0.0,0.0,1.0,0.0
Greensboro College,100.0,64320.0,639.0,30302.0,33.52,77.61,62.98,1008.0,0.0,0.0,1.0,0.0
California Institute of Integral Studies,27.36,103260.0,98.0,19797.297173832576,20.93685459697921,73.19962923607834,19.842048573796077,1111.0099268426636,0.0,0.0,1.0,0.0
Missouri Valley College,68.75,55116.0,1327.0,35425.0,22.93,62.18,52.190000000000005,956.0,0.0,0.0,1.0,0.0
Boston College,66.31,187296.0,9681.0,75872.0,91.69,26.38,92.6,1433.0,0.0,0.0,1.0,0.0
Wittenberg University,64.94,88404.0,1413.0,53219.0,62.98,97.43,75.51,1119.4536179296783,0.0,0.0,1.0,0.0
University of Kentucky,87.56,130872.0,21788.0,30178.0,66.36,96.36,85.92,1223.0,0.0,0.0,0.0,1.0
Sul Ross State University,64.71000000000001,79464.0,1784.0,20332.0,30.49,80.83,51.66,960.0,0.0,0.0,0.0,1.0
Nicholls State University,100.0,77244.0,5664.0,21275.0,45.48,93.29,75.49,1104.0,0.0,0.0,0.0,1.0
San Diego Christian College,9.92,77232.0,449.0,47755.0,55.00000000000001,49.67,59.02,1016.0,0.0,0.0,1.0,0.0
Molloy College,27.26,130452.0,3401.0,46531.0,72.86,74.14,87.69,1172.0,0.0,0.0,1.0,0.0
Kent State University at Kent,58.60999999999999,113400.0,20694.0,25836.0,64.97,84.43,81.69999999999999,1141.0,0.0,0.0,0.0,1.0
Assumption University,51.01,101196.0,2006.0,57238.0,73.2,80.92,83.13000000000001,1144.7506755531424,0.0,0.0,1.0,0.0
University of Sioux Falls,100.0,83196.0,1311.0,30472.0,57.56,92.29,79.11,1032.0278130123777,0.0,0.0,1.0,0.0
Gettysburg College,74.42,118272.0,2507.0,71850.0,84.44,48.24,89.87,1370.3475159967095,0.0,0.0,1.0,0.0
The University of Texas MD Anderson Cancer Center,100.0,138504.0,328.0,26099.946913195257,26.176195643854072,41.96452297595158,44.72777063912217,1364.218727890577,0.0,0.0,0.0,1.0
Fitchburg State University,53.45,113616.0,3582.0,22881.0,57.92,87.99,76.6,1120.19061057914,0.0,0.0,0.0,1.0
Augustana University,73.03,80532.0,1710.0,47710.0,72.22,71.38,83.95,1220.0,0.0,0.0,1.0,0.0
Sterling College,91.67,51312.0,124.0,51268.0,15.79,95.65,70.83,1049.7942658078373,0.0,0.0,1.0,0.0
Marist College,43.23,117096.0,5210.0,60670.0,84.74000000000001,55.05,88.29,1204.555115917481,0.0,0.0,1.0,0.0
Luther Rice College & Seminary,68.28999999999999,46260.0,219.0,20883.81318044612,25.0,44.440000000000005,41.84592186008277,1085.2299502694439,0.0,0.0,1.0,0.0
West Liberty University,57.53,82416.0,1868.0,22361.0,52.99,68.44,73.49,1039.0,0.0,0.0,0.0,1.0
Middle Georgia State University,81.28,81456.0,7380.0,15822.0,22.66,99.32,59.4,1075.7503044314196,0.0,0.0,0.0,1.0
University of Louisiana at Monroe,70.61,88536.0,5676.0,20851.0,56.8,77.98,74.18,1118.0,0.0,0.0,0.0,1.0
The University of Montana,66.23,99384.0,6897.0,19958.0,44.21,95.78,74.32,1162.0,0.0,0.0,0.0,1.0
American InterContinental University-Houston,60.32823796897998,86328.0,190.0,21745.0,52.0,72.65950530833477,50.0,1043.199702045849,0.0,1.0,0.0,0.0
Texas College,86.83999999999999,55320.0,764.0,21620.0,14.12,69.87038525523681,41.49,973.787959962092,0.0,0.0,1.0,0.0
Stonehill College,63.13999999999999,114924.0,2421.0,62253.0,81.91000000000001,68.96,85.74000000000001,1247.2613373672004,0.0,0.0,1.0,0.0
University of California-Santa Barbara,88.03999999999999,202740.0,23166.0,36492.0,83.98,36.7,90.83,1369.0,0.0,0.0,0.0,1.0
Brescia University,42.99,68172.0,803.0,36939.0,35.980000000000004,47.83,70.67,1112.0,0.0,0.0,1.0,0.0
Kutztown University of Pennsylvania,84.46000000000001,117060.0,6735.0,28414.0,52.11,93.19,77.37,1038.0,0.0,0.0,0.0,1.0
Averett University,100.0,72264.0,881.0,47321.0,50.23,69.38,58.95,984.0,0.0,0.0,1.0,0.0
Louisiana Tech University,76.44,94896.0,7923.0,21927.0,61.42,63.57000000000001,80.78,1216.0,0.0,0.0,0.0,1.0
Point Loma Nazarene University,100.0,124284.0,3209.0,53045.0,72.06,83.55,84.45,1210.0,0.0,0.0,1.0,0.0
Truett McConnell University,100.0,52656.0,859.0,33299.0,34.78,97.29,78.97,1052.0,0.0,0.0,1.0,0.0
Illinois College,77.23,85524.0,1150.0,44465.0,68.25,75.24,75.47,1085.9971447711737,0.0,0.0,1.0,0.0
Rivier University,28.43,67632.0,1274.0,46498.0,55.56,75.71,69.62,1105.3047432918008,0.0,0.0,1.0,0.0
Yale University,72.33000000000001,233880.0,4701.0,76645.0,96.39,6.529999999999999,65.42,1520.0,1.0,0.0,1.0,0.0
Strayer University-Maryland,11.63,91140.0,2335.0,28284.0,0.0,76.97554217798199,75.0,1145.6731079892993,0.0,1.0,0.0,0.0
Reinhardt University,42.53,72888.0,1253.0,39983.0,34.74,98.69,60.12,1073.0,0.0,0.0,1.0,0.0
University of Nevada-Reno,98.21,123636.0,16637.0,23256.0,60.4,87.3,80.45,1154.0,0.0,0.0,0.0,1.0
Arkansas State University,100.0,86880.0,7739.0,23009.0,53.010000000000005,67.19000000000001,79.05,1149.0,0.0,0.0,0.0,1.0
Montserrat College of Art,22.08,79452.0,354.0,52124.0,64.36,78.42450030757784,78.64,1082.4418183791036,0.0,0.0,1.0,0.0
Universidad Pentecostal Mizpa,0.0,95908.9010002924,122.0,10654.0,30.77,54.45418728044232,55.56,1138.4331136793367,0.0,0.0,1.0,0.0
The University of Texas at El Paso,69.56,110820.0,21070.0,18291.0,44.43,99.97,77.21000000000001,1143.7151456595725,0.0,0.0,0.0,1.0
Texas Tech University,86.25,113580.0,32412.0,23191.0,63.42,70.03,87.48,1174.0,0.0,0.0,0.0,1.0
The University of Texas Permian Basin,53.21,100152.0,3646.0,17323.0,40.59,87.9,64.79,1015.0,0.0,0.0,0.0,1.0
Northwestern College,100.0,81276.0,1040.0,45760.0,68.57,73.77,78.97,1146.0,0.0,0.0,1.0,0.0
Willamette University,67.67999999999999,89520.0,1288.0,66416.0,73.72999999999999,80.17,81.67,1181.8816098184548,0.0,0.0,1.0,0.0
CUNY York College,32.62,133572.0,6283.0,13948.0,31.56,52.76,62.91,960.0,0.0,0.0,0.0,1.0
Cleveland Institute of Art,42.620000000000005,71592.0,592.0,59708.0,64.03,67.17999999999999,75.94999999999999,1168.0,0.0,0.0,1.0,0.0
Governors State University,44.330000000000005,90840.0,3000.0,21549.0,24.35,47.84,58.01,956.0,0.0,0.0,0.0,1.0
Augsburg University,46.7,99948.0,2487.0,54069.0,59.28,73.11999999999999,73.42999999999999,1050.0,0.0,0.0,1.0,0.0
Shawnee State University,40.0,79884.0,2783.0,16327.0,40.64,83.4889291206661,74.14,1022.0469075535746,0.0,0.0,0.0,1.0
Miles College,75.44999999999999,59652.0,1438.0,22684.0,23.51,68.00202004450755,55.26,967.596218550151,0.0,0.0,1.0,0.0
Adelphi University,36.49,154068.0,5076.0,53535.0,72.58,74.61,82.12,1162.0,0.0,0.0,1.0,0.0
The University of Texas Health Science Center at San Antonio,72.8,113436.0,804.0,34967.34549603618,34.70979584573551,64.27186104668822,55.8323613288277,1290.6731415944448,0.0,0.0,0.0,1.0
Maine College of Art & Design,26.21,73524.0,376.0,51962.0,52.1,70.26,64.41,1054.3739797056428,0.0,0.0,1.0,0.0
Arcadia University,30.83,96228.0,1832.0,59684.0,65.38000000000001,73.63,73.53,1138.0,0.0,0.0,1.0,0.0
Allegheny College,80.93,95448.0,1615.0,64901.0,72.67,73.15,84.41,1260.0,0.0,0.0,1.0,0.0
Carleton College,77.78,152268.0,1918.0,74275.0,93.79,21.18,93.9,1438.0,0.0,0.0,1.0,0.0
Northwest University,26.46,85224.0,821.0,45095.0,57.74,92.77,83.16,1110.0,0.0,0.0,1.0,0.0
Saint Joseph's University,100.0,120588.0,4217.0,63223.0,80.91000000000001,80.07,89.39,1205.0,0.0,0.0,1.0,0.0
Northland College,74.29,100032.0,553.0,50029.0,56.00000000000001,64.3,66.46,1138.0,0.0,0.0,1.0,0.0
California Institute of Technology,93.78,242736.0,901.0,74763.0,91.56,6.69,93.62,1566.0,1.0,0.0,1.0,0.0
California State University-Channel Islands,52.470000000000006,123336.0,6938.0,25150.0,55.44,79.43,83.14,1134.104115116718,0.0,0.0,0.0,1.0
Seattle Pacific University,50.0,102432.0,2694.0,60834.0,65.49000000000001,90.62,76.66,1109.0,0.0,0.0,1.0,0.0
Wayne State College,53.65,92688.0,3021.0,19521.0,52.94,63.882456265941585,74.14,1068.6053236666905,0.0,0.0,0.0,1.0
Cabrini University,35.480000000000004,88812.0,1463.0,46293.0,54.85,61.67,75.55,1036.0,0.0,0.0,1.0,0.0
Rabbinical College of Ohr Shimon Yisroel,66.33859934020028,25128.0,211.0,29881.0,44.0,76.94320917008513,43.75,984.0037357668582,0.0,0.0,1.0,0.0
Harvey Mudd College,89.29,172692.0,827.0,79539.0,92.71,17.96,91.52,1534.0,0.0,0.0,1.0,0.0
Biola University,100.0,88728.0,3683.0,58012.0,71.39999999999999,64.38000000000001,78.16,1196.0,0.0,0.0,1.0,0.0
Upstate Medical University,72.38,82644.0,205.0,20651.554837544416,23.48649132388639,77.9323408251616,45.67931726917584,1056.2874534649422,0.0,0.0,0.0,1.0
Fort Hays State University,50.63,86208.0,11916.0,18111.0,45.73,91.35,77.89,1114.7033112073036,0.0,0.0,0.0,1.0
College of the Atlantic,100.0,101436.0,364.0,54899.0,65.82000000000001,75.8,88.57000000000001,1108.7941592946192,0.0,0.0,1.0,0.0
Universidad Central de Bayamon,100.0,33360.0,914.0,12314.0,23.86,87.97,74.32,1007.5804543639392,0.0,0.0,1.0,0.0
University of Washington-Seattle Campus,81.08999999999999,161292.0,31145.0,26825.0,82.0,55.86,93.09,1341.0,0.0,0.0,0.0,1.0
Tennessee Wesleyan University,98.7,63288.0,976.0,33219.0,47.64,60.92,77.23,1096.0,0.0,0.0,1.0,0.0
Central Methodist University-College of Graduate and Extended Studies,100.0,70212.0,1659.0,18200.0,30.425064353100503,100.0,66.67,984.8253337938017,0.0,0.0,1.0,0.0
University of Nebraska at Kearney,69.61,93480.0,4302.0,23319.0,58.92,88.41,81.12,1130.0,0.0,0.0,0.0,1.0
Walla Walla University,100.0,60072.0,1454.0,39354.0,58.52,61.08164329918272,77.53999999999999,1044.832422774782,0.0,0.0,1.0,0.0
Kansas Wesleyan University,100.0,70392.0,743.0,44254.0,47.18,61.79,63.83,1103.3508559456156,0.0,0.0,1.0,0.0
Dalton State College,66.4,80100.0,4366.0,11526.0,28.96,93.80332281543555,66.67,1020.4892060619397,0.0,0.0,0.0,1.0
University of Maine at Augusta,40.26,88068.0,3077.0,16948.0,18.82,79.10315284856938,61.62,1062.2705038637794,0.0,0.0,0.0,1.0
Dordt University,64.96,77256.0,1354.0,46028.0,65.55,71.84,83.72,1209.0,0.0,0.0,1.0,0.0
University of North Carolina School of the Arts,78.13,91512.0,916.0,21755.0,72.15,36.34,91.45,1224.0,0.0,0.0,0.0,1.0
Randolph College,100.0,98484.0,496.0,58880.0,56.02,89.66,71.33,1060.0,0.0,0.0,1.0,0.0
La Sierra University,43.87,98724.0,1462.0,45629.0,52.46,56.97,79.05,1048.0,0.0,0.0,1.0,0.0
Bowdoin College,89.96,149340.0,1776.0,73800.0,94.99,9.16,85.94000000000001,1429.6509751840908,0.0,0.0,1.0,0.0
Kentucky Wesleyan College,49.45,65460.0,840.0,40177.0,37.93,60.19,65.84,1083.0,0.0,0.0,1.0,0.0
University of Wisconsin-Eau Claire,78.19,95892.0,10093.0,20174.0,64.60000000000001,84.36,82.35,1170.0,0.0,0.0,0.0,1.0
Santa Clara University,68.17999999999999,153900.0,5606.0,74297.0,91.95,50.72,92.51,1367.0,0.0,0.0,1.0,0.0
Rutgers University-Newark,67.47999999999999,170208.0,8887.0,27960.0,65.05,74.09,86.7,1088.0,0.0,0.0,0.0,1.0
The University of Tampa,100.0,112920.0,8645.0,46341.0,60.46,55.510000000000005,77.85,1174.0,0.0,0.0,1.0,0.0
University of Maine at Presque Isle,45.83,89988.0,911.0,17586.0,31.180000000000003,99.0,70.95,1066.8339818417503,0.0,0.0,0.0,1.0
University of Minnesota-Morris,91.09,90432.0,1243.0,24636.0,59.85,64.64999999999999,78.3,1199.0,0.0,0.0,0.0,1.0
University of South Carolina-Upstate,55.86,87108.0,4999.0,23660.0,47.23,59.540000000000006,71.85000000000001,1005.0,0.0,0.0,0.0,1.0
Keuka College,100.0,67812.0,1300.0,50240.0,53.13,90.91,64.77000000000001,1085.5988808249892,0.0,0.0,1.0,0.0
Dakota Wesleyan University,56.18,72792.0,690.0,38617.0,44.29,64.2,69.33,1061.0,0.0,0.0,1.0,0.0
Piedmont University,36.18,85608.0,1231.0,40949.0,43.25,70.08,76.92,1085.0,0.0,0.0,1.0,0.0
Ringling College of Art and Design,67.80000000000001,103224.0,1623.0,69060.0,78.11,68.51,79.55,1260.036209467635,0.0,0.0,1.0,0.0
Skidmore College,82.34,121440.0,2574.0,74140.0,86.19,32.17,87.59,1324.0,0.0,0.0,1.0,0.0
Southern Arkansas University Main Campus,68.07,82668.0,3121.0,23044.0,42.61,68.53,71.50999999999999,1120.0,0.0,0.0,0.0,1.0
Washington & Jefferson College,74.67,72936.0,1164.0,62814.0,64.66,90.18,84.54,1107.825425178301,0.0,0.0,1.0,0.0
Trinity College,84.53,127632.0,2194.0,76850.0,82.16,36.04,90.0,1367.5551411568665,0.0,0.0,1.0,0.0
University of Mary Hardin-Baylor,100.0,96408.0,3310.0,42812.0,51.13,90.3,69.39999999999999,1105.0,0.0,0.0,1.0,0.0
Wingate University,100.0,96636.0,2671.0,49769.0,49.49,73.27,64.44,1136.5785195170643,0.0,0.0,1.0,0.0
Bridgewater State University,100.0,118224.0,8760.0,23845.0,59.03,82.31,76.32,1049.0,0.0,0.0,0.0,1.0
Ouachita Baptist University,94.96,78120.0,1520.0,40200.0,60.48,61.77,81.41000000000001,1203.0,0.0,0.0,1.0,0.0
Concordia University Texas,100.0,89844.0,1733.0,47251.0,43.42,92.95,65.24,1086.0,0.0,0.0,1.0,0.0
Idaho State University,95.32,92940.0,6973.0,20652.0,34.45,71.6881688238659,62.91,1117.0588415776801,0.0,0.0,0.0,1.0
University of North Texas,74.15,125112.0,32814.0,23770.0,57.13,83.98,85.24000000000001,1152.0,0.0,0.0,0.0,1.0
Azusa Pacific University,42.77,109584.0,4498.0,56802.0,66.22,93.6,76.16000000000001,1198.745875804271,0.0,0.0,1.0,0.0
University of the Cumberlands,26.040000000000003,67812.0,4014.0,23624.0,40.05,81.44,65.72,1095.0,0.0,0.0,1.0,0.0
Saint Mary's University of Minnesota,24.86,83340.0,1315.0,49200.0,61.68,84.1,78.74,1135.1534091564445,0.0,0.0,1.0,0.0
Metropolitan College of New York,15.03,105840.0,509.0,34022.0,28.57,40.41,50.0,1089.580255995242,0.0,0.0,1.0,0.0
Cooper Union for the Advancement of Science and Art,27.500000000000004,150156.0,806.0,61775.0,79.44,17.51,84.85000000000001,1422.0,0.0,0.0,1.0,0.0
Oak Point University,100.0,97356.0,671.0,34204.06258402439,44.32255115820629,71.97747087808838,77.02602376069625,1133.2381514019794,0.0,0.0,1.0,0.0
University of Wisconsin-River Falls,67.06,94656.0,5238.0,17971.0,58.32000000000001,76.85,77.25,1120.0,0.0,0.0,0.0,1.0
Southern Illinois University-Edwardsville,72.35000000000001,104712.0,9892.0,24244.0,53.56,85.05,78.03999999999999,1154.0,0.0,0.0,0.0,1.0
Fordham University,100.0,171360.0,9099.0,71388.0,83.17,52.53,89.42,1334.0,0.0,0.0,1.0,0.0
Olivet College,100.0,75096.0,968.0,42758.0,48.84,60.31,57.1,1096.771726510098,0.0,0.0,1.0,0.0
University of California-Irvine,82.78,197532.0,29627.0,34355.0,84.98,29.92,94.4,1339.0,0.0,0.0,0.0,1.0
Park University,12.4,81396.0,8217.0,21146.0,28.000000000000004,82.25954863221797,63.44,1126.9792257039142,0.0,0.0,1.0,0.0
Louisiana State University-Shreveport,65.13,97092.0,2290.0,19065.0,36.94,82.67999999999999,61.63,1133.0,0.0,0.0,0.0,1.0
Chamberlain University-Virginia,11.11,97488.0,622.0,35513.52591797766,50.0,63.63999999999999,100.0,1128.074518205397,0.0,1.0,0.0,0.0
Eagle Gate College-Layton,71.42480289548507,83100.0,200.0,22962.0,64.71000000000001,64.90013696219006,100.0,1054.1810769552287,0.0,1.0,0.0,0.0
The University of Texas Health Science Center at Houston,59.21999999999999,127356.0,687.0,29666.648842983504,34.460496939025425,50.553190658038126,54.86751026361653,1260.037994940553,0.0,0.0,0.0,1.0
William Penn University,100.0,68412.0,1231.0,38337.0,37.31,55.03,60.61,1048.3155664107087,0.0,0.0,1.0,0.0
